index,question,reference_prediction,gpt_first_prediction,clarity_label
0,Do you think that is a good thing?,Ambivalent,Clear Reply,Ambivalent
1,"Mr. President, have you any ideas on what should be done with the evidence turned up on Senator McCarthy by that subcommittee?",Ambivalent,Clear Non-Reply,Ambivalent
2,Does the Prime Minister feel that that would have a major impact on the peace talks?,Ambivalent,Clear Non-Reply,Ambivalent
3,Do you think the advantages all around would outweigh the risks or the embarrassments?,Ambivalent,Clear Reply,Ambivalent
4,So he said those things under oath?,Ambivalent,Ambivalent,Ambivalent
5,Would you be willing to speak under oath to give your version of those events?,Ambivalent,Clear Reply,Ambivalent
6,Do you agree that the next step against Iran should be sanctions if Iran fails to comply with the Security Council's 30-day deadline on its nuclear program?,Ambivalent,Ambivalent,Ambivalent
7,Have you signed the commission for United States Attorney for Mr. Johnson of Nevada?,Ambivalent,Clear Non-Reply,Ambivalent
8,Do you think that Reagan is running a campaign of hatred and racism?,Ambivalent,Clear Reply,Ambivalent
9,How do you answer allegations that you are running a mean campaign?,Ambivalent,Clear Reply,Ambivalent
10,Are you sorry that more countries did not take a more active part in the effort to help South Vietnam?,Ambivalent,Clear Reply,Ambivalent
11,Are you going to do it now?,Clear Non-Reply,Clear Non-Reply,Clear Reply
12,You have said the Ford administration is the only one that has done anything.,Ambivalent,Ambivalent,Ambivalent
13,Can you explain to Canadians——,Clear Reply,Clear Non-Reply,Clear Reply
14,When is that?,Ambivalent,Clear Non-Reply,Ambivalent
15,Is that in public?,Clear Reply,Clear Non-Reply,Clear Reply
16,Could you elaborate on the strategic partnership between the two countries?,Ambivalent,Clear Reply,Ambivalent
17,Do you believe Israel has strategic importance to the United States in the aftermath of the Cold War?,Clear Reply,Clear Reply,Ambivalent
18,Still any problems that have to be worked out?,Ambivalent,Ambivalent,Ambivalent
19,Do the legal mechanisms of NAFTA provide it with strength so that it is not put aside by decree?,Ambivalent,Ambivalent,Ambivalent
20,"President Obama, what pending issues do you have in your administration that you would have liked to complete?",Ambivalent,Clear Non-Reply,Ambivalent
21,We understand that you have had a number of offers?,Clear Reply,Clear Reply,Clear Reply
22,And about his role in Syria and the region?,Ambivalent,Clear Non-Reply,Ambivalent
23,"They don't decide anything, do they?",Ambivalent,Clear Reply,Ambivalent
24,Do we have any reason to believe that the Vietcong offer to exchange prisoners had any substance to it?,Clear Reply,Clear Non-Reply,Ambivalent
25,You said you wanted to hear more.,Ambivalent,Ambivalent,Ambivalent
26,Is there anything that worries you about this plan?,Ambivalent,Clear Reply,Ambivalent
27,Are you willing to risk another jolt to the economy from this large price increase?,Ambivalent,Ambivalent,Ambivalent
28,You mean that you are not going to write them immediately?,Ambivalent,Clear Reply,Ambivalent
29,How far will that extend--off the Continental Shelf?,Clear Non-Reply,Ambivalent,Clear Non-Reply
30,Do you think the return of the Republicans to power means a realignment of the political parties after the 4 years?,Clear Reply,Clear Reply,Clear Reply
31,Are there any estimates at all of the amount potentially that might be saved as a result of the directives being issued today?,Clear Reply,Ambivalent,Ambivalent
32,Do you see the chance that the United States would exercise its option to withdraw from the Anti-Ballistic Missile Treaty if it is not possible to negotiate changes to permit a national missile defense?,Ambivalent,Ambivalent,Clear Non-Reply
33,Was this possibility raised in your discussions with President Putin?,Ambivalent,Ambivalent,Ambivalent
34,"In light of his speech yesterday at the U.N., are there any new steps that we can take to continue the arms reduction process?",Ambivalent,Ambivalent,Ambivalent
35,Does your note establish a precedent--asking for a conference with your successor?,Ambivalent,Clear Non-Reply,Ambivalent
36,Is there a specific situation in which the U.S. Government might consider giving Colombia military support to fight the guerrillas?,Ambivalent,Clear Reply,Clear Reply
37,Will we renew her tourist visa?,Clear Reply,Clear Reply,Ambivalent
38,How effective can these National Guard troops be if they're shuttling in and out of the border area every two or three weeks?,Ambivalent,Ambivalent,Ambivalent
39,How are you going to turn around these House Members who seem to be unswayed by your argument on the guest-worker program?,Ambivalent,Ambivalent,Ambivalent
40,Do you have a specific target for how much you want that violence to be reduced?,Clear Reply,Ambivalent,Ambivalent
41,"Mr. President, would you keep both him and Mr. Kelley in their jobs?",Ambivalent,Clear Reply,Ambivalent
42,"What do you feel about Russia's continuation of reducing within START III the number of warheads down to 1,500 warheads?",Ambivalent,Clear Non-Reply,Ambivalent
43,Can you now envision a time of real peace between Israel and its Arab neighbors?,Ambivalent,Clear Reply,Ambivalent
44,To what extent has a new government in Israel contributed to this process?,Ambivalent,Ambivalent,Ambivalent
45,Have you reached a decision in the Rosenberg case?,Ambivalent,Clear Reply,Ambivalent
46,Did you seriously consider naming Arthur Goldberg as Chief Justice after the Fortas nomination was withdrawn?,Clear Reply,Clear Reply,Clear Reply
47,Have you received any reply from Governor Roosevelt?,Ambivalent,Clear Reply,Ambivalent
48,My question is about the Supreme Court.,Ambivalent,Ambivalent,Ambivalent
49,"Could you tell us why it took you 6 days and four clarifications before you finally admitted that you had, in fact, made a mistake in the debate in your remarks on Eastern Europe?",Clear Non-Reply,Ambivalent,Clear Non-Reply
50,Could you characterize the worry you heard from Iraqi leaders about U.S. troop levels that you first mentioned on the flight home from Iraq?,Ambivalent,Clear Non-Reply,Ambivalent
51,"After your visit, do you truly believe that the tide is turning in Iraq?",Clear Reply,Clear Non-Reply,Clear Reply
52,How do you feel about leaving Camp David?,Ambivalent,Clear Reply,Ambivalent
53,You are including the Southern Democrats in progressives?,Clear Reply,Clear Reply,Ambivalent
54,"Is this perhaps not time to go the inch in [Arafat’s] direction and start some kind of talks with Mr. Arafat rather than, as Mr. Shultz did, close the door on him?",Clear Reply,Clear Reply,Clear Reply
55,So you don't expect to bring up human rights?,Ambivalent,Clear Reply,Ambivalent
56,"Have you decided, sir, on how you are going to deliver the State of the Union Message?",Ambivalent,Clear Reply,Clear Non-Reply
57,"Mr. President, how did you try to convince the Prime Minister today that that kind of violations of human rights will stop and guilty will be prosecuted?",Ambivalent,Clear Reply,Ambivalent
58,"Mr. Prime Minister, are you today convinced that violations of human rights will stop so that these violations are not undermining the war for democracy in Iraq?",Clear Reply,Ambivalent,Clear Reply
59,"What about written questions, do you think that would have",Clear Reply,Clear Non-Reply,Ambivalent
60,"What about this basic question of settlements, sir, that's been so touchy between the two countries?",Clear Reply,Ambivalent,Clear Reply
61,"To clear up the situation in Louisiana, Mr. President, is it your expectation that no Federal troops will be necessary there?",Clear Reply,Ambivalent,Clear Reply
62,Are there inherent and unavoidable risks in allowing the sale of a defense firm to interests owned by Dubai?,Ambivalent,Ambivalent,Ambivalent
63,"I got a few more, if you like.",Ambivalent,Ambivalent,Clear Reply
64,How close are you to an agreement on a package of incentives for Iran?,Ambivalent,Ambivalent,Ambivalent
65,What does Iran stand to gain if it were to give up its enrichment program?,Ambivalent,Ambivalent,Ambivalent
66,Why are you ignoring these recent back-channel overtures from Iran?,Clear Reply,Ambivalent,Clear Reply
67,"Over the course of this investigation, have you learned anything that you didn't know before about what was going on in your administration?",Clear Reply,Ambivalent,Clear Reply
68,Do you have any work to do to rebuild credibility that might have been lost?,Ambivalent,Ambivalent,Ambivalent
69,Have you anything more on the war debts?,Clear Reply,Clear Reply,Clear Reply
70,Did you feel that reporters had been fair to you in their questions?,Clear Reply,Ambivalent,Clear Reply
71,What are the prerequisites or conditions for resumption of some sort of trade with Red China?,Clear Non-Reply,Clear Reply,Clear Non-Reply
72,"Are you going to do it now, sir?",Clear Non-Reply,Ambivalent,Clear Non-Reply
73,Do you think you should be discussing it with him?,Clear Reply,Clear Reply,Clear Reply
74,"Do you think the press conference should be regular—like you hold it—once a week, or twice a week?",Clear Reply,Ambivalent,Ambivalent
75,Do you both accept that the Iraqi Government is a substantial vindication of the conflict?,Ambivalent,Ambivalent,Ambivalent
76,"Do you also accept that the Iraq conflict has left both of you politically weakened and, whether justly or unjustly, less able to give the kind of moral leadership that you're discussing today?",Ambivalent,Ambivalent,Clear Reply
77,What idea from a critic or somebody outside your administration have you concluded should be part of the strategy going forward in Iraq?,Clear Reply,Ambivalent,Ambivalent
78,Can you confirm if it's true that tomorrow you will meet in Lisbon with Prime Minister from Israel Ehud Barak?,Ambivalent,Clear Reply,Ambivalent
79,Would you sum up for us your idea of what kind of a United States you would like your grandchildren to live in?,Ambivalent,Ambivalent,Ambivalent
80,Does the closeness of today's abortion vote in the Supreme Court suggest that abortion rights are at risk in the next court?,Clear Reply,Clear Reply,Clear Reply
81,"Or, does the fact that partial birth abortion can survive even a conservative court suggest that they aren't as threatened as some believe?",Ambivalent,Ambivalent,Ambivalent
82,It sounds like you are willing to give an endorsement.,Ambivalent,Clear Non-Reply,Ambivalent
83,Would you go along with border protection only and a guest-worker program?,Ambivalent,Ambivalent,Ambivalent
84,"Mr. President, could you tell us anything further about your plans when you leave office, in a personal vein?",Clear Non-Reply,Clear Non-Reply,Clear Non-Reply
85,Could you elaborate on your feelings about your relations with the press?,Ambivalent,Ambivalent,Ambivalent
86,Could you elaborate on your feelings about these press conferences in particular?,Ambivalent,Ambivalent,Ambivalent
87,Does the President of the United States get any such pension as that?,Clear Reply,Clear Reply,Clear Reply
88,"Is it true that under the Yalta agreement on voting procedure two of the Big Powers have the power to overrule discussions on any proposal that might be brought up, not only force but anything else?",Ambivalent,Ambivalent,Clear Non-Reply
89,"So ""no"" to a tax on profits?",Clear Reply,Ambivalent,Clear Reply
90,Do you think that President Gorbachev has really changed?,Clear Reply,Ambivalent,Clear Reply
91,"To the extent that he has changed, have you changed?",Ambivalent,Ambivalent,Ambivalent
92,What have you learned over these 8 years that may have changed your view of the Soviet system?,Ambivalent,Ambivalent,Ambivalent
93,"Are you flying back to Houston without us, sir?",Clear Reply,Ambivalent,Clear Reply
94,How do you see the holdouts?,Clear Non-Reply,Ambivalent,Clear Non-Reply
95,"So your Italian accent, of course.",Ambivalent,Ambivalent,Ambivalent
96,"Would it be better for the Attorney General, for your administration, and for the Vice President's candidacy if he invited such an investigation?",Clear Reply,Ambivalent,Ambivalent
97,Will you talk about Haiti after this week?,Ambivalent,Ambivalent,Clear Reply
98,Have you found out anything more about the situation in Haiti?,Ambivalent,Ambivalent,Ambivalent
99,Does the Federal Government have the lead role in this right now?,Ambivalent,Clear Reply,Ambivalent
100,How can the United States help Lebanon cope with the massive number of Syrian refugees?,Ambivalent,Ambivalent,Ambivalent
101,Is there a way you can help facilitate the refugees' return to their home country?,Ambivalent,Ambivalent,Clear Reply
102,"My question is for you, Mr. President, first.",Ambivalent,Clear Non-Reply,Clear Reply
103,Are you making any provisions in your order for the so-called claims of California and Texas?,Clear Reply,Clear Reply,Ambivalent
104,"In other words, you agree with the majority, rather than Mr. Clark?",Ambivalent,Ambivalent,Ambivalent
105,Can you tell us roughly how many dependents will be pulled back?,Ambivalent,Clear Reply,Ambivalent
106,"What are your feelings about discussions, in the new Iraqi Government, of amnesty for insurgents?",Ambivalent,Ambivalent,Ambivalent
107,"Regarding the oil resources in Iraq that you discussed, do you support guaranteeing the Sunnis a percentage of the oil profits, either through a new law or through a constitutional provision?",Ambivalent,Ambivalent,Ambivalent
108,Are you going to ride in the Magellan15 to Independence?,Clear Non-Reply,Ambivalent,Clear Non-Reply
109,Do you expect that Mr. Nixon will be accused of creating a credibility gap?,Ambivalent,Ambivalent,Ambivalent
110,How much do you estimate would be available for education?,Ambivalent,Clear Non-Reply,Ambivalent
111,"But they were ready to move sooner if asked, weren't they?",Ambivalent,Ambivalent,Ambivalent
112,Will it take 3 or 4 years yet to complete it?,Ambivalent,Clear Reply,Ambivalent
113,When is Margaret coming down here?,Ambivalent,Ambivalent,Clear Reply
114,Why do you feel James Comey’s testimony vindicated you when it boils down to his word against your word?,Clear Reply,Ambivalent,Ambivalent
115,Do tapes exist of your conversations with James Comey?,Ambivalent,Ambivalent,Ambivalent
116,I wanted to know if it was going to be transferred to the Navy?,Ambivalent,Clear Reply,Ambivalent
117,Do you think the moratorium will have to go on for another year?,Clear Reply,Clear Non-Reply,Clear Reply
118,"Mr. President, could you comment on Senators Lieberman and Collins’ statement that they want to see FEMA abolished?",Ambivalent,Ambivalent,Ambivalent
119,"With hurricane season only a month away, can you assure the American people that your Government has learned the lessons of Katrina?",Clear Reply,Ambivalent,Ambivalent
120,Possible amnesty for insurgents.,Ambivalent,Ambivalent,Ambivalent
121,"Was that what you read in the paper, that you were going to support him against Mayor LaGuardia?",Clear Reply,Clear Reply,Clear Reply
122,If I could ask briefly about the economic summit—the communique—,Ambivalent,Ambivalent,Clear Reply
123,"Mr. President, that is background?",Clear Non-Reply,Clear Reply,Ambivalent
124,How do you think the transition is going?,Clear Reply,Ambivalent,Clear Reply
125,"Can you tell us, sir, what you think is the greatest problem confronting your successor?",Clear Reply,Clear Reply,Clear Reply
126,Do you think the debates have helped keep up the level of the campaign?,Ambivalent,Ambivalent,Ambivalent
127,"Is the course of it by national arrangements rather than multinational, do you think?",Ambivalent,Ambivalent,Ambivalent
128,Could you give us a little preview of how the steal would occur?,Ambivalent,Clear Non-Reply,Ambivalent
129,"Weren't troops ready to move sooner than that at Bragg, though, and elsewhere?",Ambivalent,Ambivalent,Ambivalent
130,Did the St. Lawrence come up in your discussions?,Ambivalent,Clear Reply,Ambivalent
131,"You have described it in the past as a billion dollar steal, I think?",Ambivalent,Clear Reply,Ambivalent
132,"Have you given up on doing anything forceful about the continuing chaos in Panama and Nicaragua and now, once again, in Haiti since you have not used up all of your options, including the option of military force?",Ambivalent,Ambivalent,Ambivalent
133,Is there any prospect at all in the rest of your administration for resuming military assistance to the resistance fighters?,Clear Reply,Ambivalent,Clear Reply
134,Are there any circumstances under which you would release your convention delegates to vote their preference on the first Presidential ballot?,Ambivalent,Clear Reply,Ambivalent
135,Do you fear that doing so might hurt your chances of getting the nomination?,Clear Reply,Ambivalent,Ambivalent
136,Does he have another one?,Clear Reply,Ambivalent,Ambivalent
137,Is the tide turning in Iraq?,Ambivalent,Ambivalent,Ambivalent
138,What is your position towards the additional sanctions against Hizballah introduced by Congress last week?,Ambivalent,Ambivalent,Ambivalent
139,What is your position on the role of Hizballah in the region and in Syria?,Clear Reply,Ambivalent,Clear Reply
140,Do you think there will be a division--,Ambivalent,Clear Reply,Ambivalent
141,Do you resent the fact that he insulted your Haiti policy during the campaign?,Clear Reply,Clear Reply,Clear Reply
142,Do you resent the fact that he has now adopted it?,Ambivalent,Clear Reply,Ambivalent
143,Would you consider a recess appointment if your nominee is not granted a hearing?,Clear Reply,Ambivalent,Ambivalent
144,Will Mrs. Truman be with you all this time?,Clear Reply,Clear Reply,Clear Reply
145,Is the magnitude of this disaster going to require additional Federal funds?,Clear Reply,Clear Non-Reply,Clear Reply
146,Would you advise the Republicans in the House to vote solidly against this proposal which has been called the packing plan?,Clear Reply,Clear Non-Reply,Clear Reply
147,"Was there a political consideration in not going to Kennebunkport, sir?",Clear Reply,Clear Reply,Clear Reply
148,Weren't you ready to send troops in there sooner?,Ambivalent,Ambivalent,Ambivalent
149,Do you think that Mr. Gorbachev is trying to remake the Soviet Union into a less threatening country?,Ambivalent,Clear Reply,Ambivalent
150,In your Economic Message you took no notice of the division within your Council of Economic Advisers?,Clear Reply,Clear Reply,Clear Reply
151,You are not planning any special program from here on in?,Ambivalent,Clear Reply,Ambivalent
152,What advice can you give in encouraging constructive protests within the system concerning student unrest?,Ambivalent,Clear Non-Reply,Ambivalent
153,"What advice can you give in opposing the violent, campus destructive protests concerning student unrest?",Ambivalent,Clear Non-Reply,Ambivalent
154,Is it true that Lyn is being left behind to help in the transition?,Ambivalent,Clear Reply,Clear Reply
155,Can it be implemented?,Ambivalent,Clear Reply,Ambivalent
156,Doesn't the United States have to come up with more money to actually have the missiles at the silos?,Ambivalent,Ambivalent,Ambivalent
157,"President Raúl Castro, you have repeatedly stated, and today once again, that we must learn to coexist in a civilized manner with our differences. Could you broaden this concept at this historical moment that we are living in?",Ambivalent,Clear Non-Reply,Ambivalent
158,"President Obama, could U.S. Government give more space to eliminate U.S. blockade during your mandate so that another generation of Cubans would not have to suffer this economic and commercial blockade against Cuba?",Clear Reply,Clear Non-Reply,Clear Reply
159,"Can I have a follow-up, as he had also?",Ambivalent,Ambivalent,Ambivalent
160,"If the situation in the Baltic were to escalate, what would the U.S. be ready to do in that unfortunate circumstances?",Clear Reply,Ambivalent,Ambivalent
161,What have you enjoyed most?,Ambivalent,Clear Reply,Ambivalent
162,What is the thing you're going to miss the most?,Ambivalent,Ambivalent,Ambivalent
163,"Sir, have we moved back from the brink of military action that you hinted at yesterday?",Ambivalent,Clear Reply,Clear Reply
164,"Are you satisfied, generally, with the modalities of autonomy that Mr. Rabin has presented here?",Clear Reply,Clear Non-Reply,Clear Reply
165,Are you guys going to race?,Clear Reply,Clear Reply,Clear Reply
166,"Mr. President, speaking of politics, can you visualize yourself stumping the country again on behalf of anybody in the years ahead?",Ambivalent,Ambivalent,Ambivalent
167,"Mr. President, there is one question that is left unanswered.",Ambivalent,Clear Non-Reply,Ambivalent
168,How much ammunition do you think that this gives Michael Dukakis on the so-called sleaze factor?,Ambivalent,Clear Reply,Ambivalent
169,"What was that question, Mr. President?",Ambivalent,Clear Reply,Ambivalent
170,"Sir, if I may follow up. On Tuesday, you said, if we have to close down our Government, we are building that wall.",Ambivalent,Ambivalent,Ambivalent
171,Is she going to Independence with you?,Clear Reply,Clear Reply,Clear Reply
172,"As of now, would you change it?",Ambivalent,Clear Reply,Ambivalent
173,What is your opinion of the role Watergate played in the election of a Democrat in the Congressional district in Cincinnati yesterday?,Ambivalent,Ambivalent,Ambivalent
174,Is there a crisis in the savings and loan industry?,Ambivalent,Clear Reply,Clear Reply
175,Will the American taxpayer have to bail it out?,Ambivalent,Ambivalent,Ambivalent
176,What do you think of Trump's approach to Putin?,Ambivalent,Clear Non-Reply,Ambivalent
177,How would it affect America's interest on the international stage?,Ambivalent,Clear Non-Reply,Ambivalent
178,Won't those tunnels be used later for the power end of the project?,Ambivalent,Clear Reply,Ambivalent
179,"If Mexico is paying for the wall, why would we close down our Government?",Ambivalent,Clear Non-Reply,Ambivalent
180,Are you going to take a press pool to Houston?,Ambivalent,Clear Reply,Ambivalent
181,Are you going to write your memoirs?,Ambivalent,Clear Non-Reply,Ambivalent
182,Are you going to run for Senator from Missouri?,Ambivalent,Ambivalent,Ambivalent
183,"Given everything you've been hearing from Mr. Ahmadi-nejad over the past several weeks and months, in your estimation, is this someone you can work with?",Ambivalent,Ambivalent,Clear Non-Reply
184,Have you authority to do that now?,Clear Reply,Clear Reply,Clear Reply
185,Do you plan to stop at the livestock show at St. Louis?,Ambivalent,Clear Reply,Ambivalent
186,"Were you disappointed with the early response, sir?",Clear Non-Reply,Clear Reply,Clear Non-Reply
187,Were you in contact with Governor Chiles as soon as that plan was developed to be sure that he understood it?,Ambivalent,Clear Reply,Ambivalent
188,"Could [Governor Chiles] right then, the second he asked for Federal assistance, be assured these troops would be in there?",Ambivalent,Ambivalent,Clear Non-Reply
189,"Is that something you want, sir?",Ambivalent,Clear Reply,Ambivalent
190,What's the toughest thing that you've had in your job?,Ambivalent,Clear Reply,Ambivalent
191,What's been the toughest part of these 8 years?,Ambivalent,Ambivalent,Clear Reply
192,"Is there a disposition to forget about that, for the time being?",Ambivalent,Clear Reply,Ambivalent
193,Do you think Governor Roosevelt's visit might come as early as Wednesday?,Ambivalent,Clear Non-Reply,Clear Reply
194,Were there any discussions about the Visa Waiver Program for Romania?,Ambivalent,Clear Reply,Ambivalent
195,Is there a timeframe for including Romania in this program?,Ambivalent,Ambivalent,Ambivalent
196,And you seem to be hinting that there are recordings of those conversations.,Clear Reply,Ambivalent,Ambivalent
197,Did he not in his statement say that he accepts the U.N. articles and that he recognizes Israel?,Ambivalent,Ambivalent,Ambivalent
198,What is the fine line that he hasn't crossed?,Clear Reply,Ambivalent,Clear Reply
199,Do you think that FEMA is prepared for the season?,Ambivalent,Ambivalent,Ambivalent
200,Is there any way to measure FEMA’s preparedness at this point?,Ambivalent,Ambivalent,Ambivalent
201,Is there any hope by the end of the year that we might see some of the fliers released from North Vietnam?,Ambivalent,Clear Non-Reply,Ambivalent
202,"So if the Justice Department was informing Billy at the same time that you were learning of this from the Justice Department, you're saying, in effect, that there was no need, even, for anyone in the White House to let Billy know that he should come in and voluntarily admit that he was an agent?",Ambivalent,Ambivalent,Ambivalent
203,That's three. That's three.,Ambivalent,Ambivalent,Ambivalent
204,"And if she asks for it, will we grant her permanent residence?",Ambivalent,Ambivalent,Ambivalent
205,Have you come to a firm decision on the value of the third-term amendment—no third-term amendment?,Ambivalent,Clear Reply,Ambivalent
206,Do you have any idea that might usefully be put forward for the use of ex-Presidents of the United States?,Ambivalent,Ambivalent,Ambivalent
207,Now that doesn't apply to any other commercial products that might be in the submerged lands?,Clear Reply,Clear Reply,Ambivalent
208,Where do you see a breakthrough in this dispute?,Ambivalent,Ambivalent,Ambivalent
209,Do you see any indications to make us believe that this crisis will come to an end?,Ambivalent,Ambivalent,Ambivalent
210,"Mr. President, for national defense purposes, I assume?",Ambivalent,Clear Reply,Ambivalent
211,Have there been any further communications from the Secretary of State?,Ambivalent,Clear Reply,Ambivalent
212,Are you planning to visit the drought area yourself and take a firsthand look yourself?,Clear Reply,Ambivalent,Ambivalent
213,When will you tell us about the recordings?,Ambivalent,Ambivalent,Ambivalent
214,"Well, let me just ask the question.",Ambivalent,Clear Non-Reply,Ambivalent
215,Was Chiles slow to ask for Federal troops?,Ambivalent,Clear Non-Reply,Ambivalent
216,Do you have any reason to believe that the American hostages who are still being held in the Middle East will be released after you leave office?,Ambivalent,Ambivalent,Ambivalent
217,Would you go along with an effort by some Senate Republicans that could levy a significant tax on oil companies' profits?,Ambivalent,Ambivalent,Ambivalent
218,Does it bother you that the oil companies are racking up these record profits when people are paying $3 a gallon?,Ambivalent,Ambivalent,Ambivalent
219,Would you veto an immigration bill that did not include a guest-worker program?,Clear Reply,Ambivalent,Clear Reply
220,How do you counter the angry argument from conservatives on Capitol Hill who are saying that your demand for one could hurt the Republican Party this fall?,Ambivalent,Ambivalent,Ambivalent
221,It looks as though if they can't pay us we'll have to give them more time.,Clear Reply,Clear Non-Reply,Clear Reply
222,Do you trust Gorbachev?,Ambivalent,Ambivalent,Ambivalent
223,Does an apology rule out the question of honor?,Clear Reply,Ambivalent,Clear Reply
224,Isn't the greater likelihood that this is a very widespread scandal?,Clear Reply,Ambivalent,Clear Reply
225,"Mr. President, on the question of the Japanese mandates that you say will be taken away from them, who will be the controlling government in those mandates, the United States?",Ambivalent,Clear Reply,Ambivalent
226,"Have the negotiations for renewal of the exchange agreement with the Soviet Union, scheduled to begin next Tuesday, been postponed?",Ambivalent,Clear Reply,Ambivalent
227,"Mr. President, as a result of your 8 years of press conferences, have you any recommendations for changes?",Ambivalent,Ambivalent,Ambivalent
228,Might it not have happened if you had kept a tighter rein on what was going on and inquired more closely into what was happening in this and in other situations?,Ambivalent,Clear Reply,Ambivalent
229,Does this situation make you reconsider the possibility of a Government shutdown next month?,Clear Reply,Clear Reply,Clear Reply
230,"When can we expect results, sir?",Ambivalent,Ambivalent,Ambivalent
231,Do you feel this transition period should be shortened or changed in any way?,Ambivalent,Clear Reply,Ambivalent
232,Are you satisfied from what you have learned out of your meeting with the President with regard to the Iranian issue?,Ambivalent,Ambivalent,Ambivalent
233,What's your message to the Israeli public about this issue?,Ambivalent,Ambivalent,Ambivalent
234,"With your permission, is there a military option, from your point of view, to solve the threat of the Iranian problem, their work on—to getting nuclear weapons?",Ambivalent,Ambivalent,Ambivalent
235,Do you feel that the Attorney General should indeed stay? Should he resign? Do you intend on firing him? Why should he remain as the Attorney General?,Ambivalent,Ambivalent,Ambivalent
236,"With the health care vote that just came about, at what point do you feel that Republicans, if they can't get something done, should just say, you know what, we gave it a go, let's move on to tax reform instead?",Clear Reply,Ambivalent,Clear Reply
